Title,Pdf,Epub
"Multimedia Big Data Computing for IoT Applications Concepts, Paradigms and Solutions Editors and affiliations",https://link.springer.com//content/pdf/10.1007%2F978-981-13-8759-3.pdf,https://link.springer.com//download/epub/10.1007%2F978-981-13-8759-3.epub
Foundations of Behavioral Health Editors and affiliations,https://link.springer.com//content/pdf/10.1007%2F978-3-030-18435-3.pdf,https://link.springer.com//download/epub/10.1007%2F978-3-030-18435-3.epub
Beatmung für Einsteiger Theorie und Praxis für die Gesundheits- und Krankenpflege,https://link.springer.com//content/pdf/10.1007%2F978-3-662-59294-6.pdf,https://link.springer.com//download/epub/10.1007%2F978-3-662-59294-6.epub
Quick Start Guide to Verilog,https://link.springer.com//content/pdf/10.1007%2F978-3-030-10552-5.pdf,https://link.springer.com//download/epub/10.1007%2F978-3-030-10552-5.epub
Perceptual Organization An Integrated Multisensory Approach,https://link.springer.com//content/pdf/10.1007%2F978-3-319-96337-2.pdf,https://link.springer.com//download/epub/10.1007%2F978-3-319-96337-2.epub
Social Justice Theory and Practice for Social Work Critical and Philosophical Perspectives,https://link.springer.com//content/pdf/10.1007%2F978-981-13-3621-8.pdf,https://link.springer.com//download/epub/10.1007%2F978-981-13-3621-8.epub
"An Anthology of London in Literature, 1558-1914 'Flower of Cities All' Editors and affiliations",https://link.springer.com//content/pdf/10.1007%2F978-3-030-05609-4.pdf,https://link.springer.com//download/epub/10.1007%2F978-3-030-05609-4.epub
Managing Sustainable Business An Executive Education Case and Textbook Editors and affiliations,https://link.springer.com//content/pdf/10.1007%2F978-94-024-1144-7.pdf,https://link.springer.com//download/epub/10.1007%2F978-94-024-1144-7.epub
Handbook of Evolutionary Research in Archaeology Editors and affiliations,https://link.springer.com//content/pdf/10.1007%2F978-3-030-11117-5.pdf,https://link.springer.com//download/epub/10.1007%2F978-3-030-11117-5.epub
Educational Technology A Primer for the 21st Century,https://link.springer.com//content/pdf/10.1007%2F978-981-13-6643-7.pdf,https://link.springer.com//download/epub/10.1007%2F978-981-13-6643-7.epub
Excel Data Analysis Modeling and Simulation,https://link.springer.com//content/pdf/10.1007%2F978-3-030-01279-3.pdf,https://link.springer.com//download/epub/10.1007%2F978-3-030-01279-3.epub
Educational Technology A Primer for the 21st Century,https://link.springer.com//content/pdf/10.1007%2F978-981-13-6643-7.pdf,https://link.springer.com//download/epub/10.1007%2F978-981-13-6643-7.epub
Introduction to Logic Circuits & Logic Design with Verilog,https://link.springer.com//content/pdf/10.1007%2F978-3-030-13605-5.pdf,https://link.springer.com//download/epub/10.1007%2F978-3-030-13605-5.epub
Introduction to Logic Circuits & Logic Design with VHDL,https://link.springer.com//content/pdf/10.1007%2F978-3-030-12489-2.pdf,https://link.springer.com//download/epub/10.1007%2F978-3-030-12489-2.epub
Control Engineering,https://link.springer.com//content/pdf/10.1007%2F978-981-10-8297-9.pdf,https://link.springer.com//download/epub/10.1007%2F978-981-10-8297-9.epub
Social Psychology in Action Evidence-Based Interventions from Theory to Practice Editors and affiliations,https://link.springer.com//content/pdf/10.1007%2F978-3-030-13788-5.pdf,https://link.springer.com//download/epub/10.1007%2F978-3-030-13788-5.epub
Quantitative Methods for the Social Sciences A Practical Introduction with Examples in SPSS and Stata,https://link.springer.com//content/pdf/10.1007%2F978-3-319-99118-4.pdf,https://link.springer.com//download/epub/10.1007%2F978-3-319-99118-4.epub
"Digital Business Models Concepts, Models, and the Alphabet Case Study",https://link.springer.com//content/pdf/10.1007%2F978-3-030-13005-3.pdf,https://link.springer.com//download/epub/10.1007%2F978-3-030-13005-3.epub
"Arbeits-, Organisations- und Personalpsychologie für Bachelor Editors and affiliations",https://link.springer.com//content/pdf/10.1007%2F978-3-662-56013-6.pdf,https://link.springer.com//download/epub/10.1007%2F978-3-662-56013-6.epub
Mapping Global Theatre Histories,https://link.springer.com//content/pdf/10.1007%2F978-3-030-12727-5.pdf,https://link.springer.com//download/epub/10.1007%2F978-3-030-12727-5.epub
"A Course in Rasch Measurement Theory Measuring in the Educational, Social and Health Sciences",https://link.springer.com//content/pdf/10.1007%2F978-981-13-7496-8.pdf,https://link.springer.com//download/epub/10.1007%2F978-981-13-7496-8.epub
"Arbeits-, Organisations- und Personalpsychologie für Bachelor Editors and affiliations",https://link.springer.com//content/pdf/10.1007%2F978-3-662-56013-6.pdf,https://link.springer.com//download/epub/10.1007%2F978-3-662-56013-6.epub
Control Engineering: MATLAB Exercises,https://link.springer.com//content/pdf/10.1007%2F978-981-10-8321-1.pdf,https://link.springer.com//download/epub/10.1007%2F978-981-10-8321-1.epub
Managing Media and Digital Organizations,https://link.springer.com//content/pdf/10.1007%2F978-3-319-71288-8.pdf,https://link.springer.com//download/epub/10.1007%2F978-3-319-71288-8.epub
Policing and Minority Communities Contemporary Issues and Global Perspectives Editors and affiliations,https://link.springer.com//content/pdf/10.1007%2F978-3-030-19182-5.pdf,https://link.springer.com//download/epub/10.1007%2F978-3-030-19182-5.epub
Introduction to Digital Systems Design,https://link.springer.com//content/pdf/10.1007%2F978-3-319-92804-3.pdf,https://link.springer.com//download/epub/10.1007%2F978-3-319-92804-3.epub
Research Methods for Social Justice and Equity in Education Editors and affiliations,https://link.springer.com//content/pdf/10.1007%2F978-3-030-05900-2.pdf,https://link.springer.com//download/epub/10.1007%2F978-3-030-05900-2.epub
"Entertainment Science Data Analytics and Practical Theory for Movies, Games, Books, and Music",https://link.springer.com//content/pdf/10.1007%2F978-3-319-89292-4.pdf,https://link.springer.com//download/epub/10.1007%2F978-3-319-89292-4.epub
Pharmaceutical Biotechnology Fundamentals and Applications Editors and affiliations,https://link.springer.com//content/pdf/10.1007%2F978-3-030-00710-2.pdf,https://link.springer.com//download/epub/10.1007%2F978-3-030-00710-2.epub
"Food Fraud Prevention Introduction, Implementation, and Management",https://link.springer.com//content/pdf/10.1007%2F978-1-4939-9621-6.pdf,https://link.springer.com//download/epub/10.1007%2F978-1-4939-9621-6.epub
Media and Digital Management,https://link.springer.com//content/pdf/10.1007%2F978-3-319-72000-5.pdf,https://link.springer.com//download/epub/10.1007%2F978-3-319-72000-5.epub
"A Concise Guide to Market Research The Process, Data, and Methods Using IBM SPSS Statistics",https://link.springer.com//content/pdf/10.1007%2F978-3-662-56707-4.pdf,https://link.springer.com//download/epub/10.1007%2F978-3-662-56707-4.epub
Fundamentals of Solid State Engineering,https://link.springer.com//content/pdf/10.1007%2F978-3-319-75708-7.pdf,https://link.springer.com//download/epub/10.1007%2F978-3-319-75708-7.epub
Stability and Control of Linear Systems,https://link.springer.com//content/pdf/10.1007%2F978-3-030-02405-5.pdf,https://link.springer.com//download/epub/10.1007%2F978-3-030-02405-5.epub
Structural Dynamics Theory and Computation,https://link.springer.com//content/pdf/10.1007%2F978-3-319-94743-3.pdf,https://link.springer.com//download/epub/10.1007%2F978-3-319-94743-3.epub
Spine Surgery A Case-Based Approach Editors and affiliations,https://link.springer.com//content/pdf/10.1007%2F978-3-319-98875-7.pdf,https://link.springer.com//download/epub/10.1007%2F978-3-319-98875-7.epub
Automatic Control with Experiments,https://link.springer.com//content/pdf/10.1007%2F978-3-319-75804-6.pdf,https://link.springer.com//download/epub/10.1007%2F978-3-319-75804-6.epub
"Analyzing Qualitative Data with MAXQDA Text, Audio, and Video",https://link.springer.com//content/pdf/10.1007%2F978-3-030-15671-8.pdf,https://link.springer.com//download/epub/10.1007%2F978-3-030-15671-8.epub
Plant Ecology,https://link.springer.com//content/pdf/10.1007%2F978-3-662-56233-8.pdf,https://link.springer.com//download/epub/10.1007%2F978-3-662-56233-8.epub
Pocket Guide Beatmung,https://link.springer.com//content/pdf/10.1007%2F978-3-662-59657-9.pdf
Plant Ecology,https://link.springer.com//content/pdf/10.1007%2F978-3-662-56233-8.pdf,https://link.springer.com//download/epub/10.1007%2F978-3-662-56233-8.epub
International Business Management Succeeding in a Culturally Diverse World,https://link.springer.com//content/pdf/10.1007%2F978-3-319-96622-9.pdf,https://link.springer.com//download/epub/10.1007%2F978-3-319-96622-9.epub
Evidence-Based Practice in Clinical Social Work,https://link.springer.com//content/pdf/10.1007%2F978-3-030-15224-6.pdf,https://link.springer.com//download/epub/10.1007%2F978-3-030-15224-6.epub
School Leadership and Educational Change in Singapore Editors and affiliations,https://link.springer.com//content/pdf/10.1007%2F978-3-319-74746-0.pdf,https://link.springer.com//download/epub/10.1007%2F978-3-319-74746-0.epub
Robotics,https://link.springer.com//content/pdf/10.1007%2F978-3-319-72911-4.pdf,https://link.springer.com//download/epub/10.1007%2F978-3-319-72911-4.epub
Essentials of Business Analytics An Introduction to the Methodology and its Applications Editors and affiliations,https://link.springer.com//content/pdf/10.1007%2F978-3-319-68837-4.pdf,https://link.springer.com//download/epub/10.1007%2F978-3-319-68837-4.epub
A Beginners Guide to Python 3 Programming,https://link.springer.com//content/pdf/10.1007%2F978-3-030-20290-3.pdf,https://link.springer.com//download/epub/10.1007%2F978-3-030-20290-3.epub
Social Marketing in Action Cases from Around the World Editors and affiliations,https://link.springer.com//content/pdf/10.1007%2F978-3-030-13020-6.pdf,https://link.springer.com//download/epub/10.1007%2F978-3-030-13020-6.epub
Global Supply Chain and Operations Management A Decision-Oriented Introduction to the Creation of Value,https://link.springer.com//content/pdf/10.1007%2F978-3-319-94313-8.pdf,https://link.springer.com//download/epub/10.1007%2F978-3-319-94313-8.epub
Java in Two Semesters Featuring JavaFX,https://link.springer.com//content/pdf/10.1007%2F978-3-319-99420-8.pdf,https://link.springer.com//download/epub/10.1007%2F978-3-319-99420-8.epub
Advanced Guide to Python 3 Programming,https://link.springer.com//content/pdf/10.1007%2F978-3-030-25943-3.pdf,https://link.springer.com//download/epub/10.1007%2F978-3-030-25943-3.epub
Arbeits- und Organisationspsychologie,https://link.springer.com//content/pdf/10.1007%2F978-3-662-56666-4.pdf,https://link.springer.com//download/epub/10.1007%2F978-3-662-56666-4.epub
"Of Cigarettes, High Heels, and Other Interesting Things An Introduction to Semiotics",https://link.springer.com//content/pdf/10.1057%2F978-1-349-95348-6.pdf,https://link.springer.com//download/epub/10.1057%2F978-1-349-95348-6.epub
Political Social Work Using Power to Create Social Change,https://link.springer.com//content/pdf/10.1007%2F978-3-319-68588-5.pdf,https://link.springer.com//download/epub/10.1007%2F978-3-319-68588-5.epub
Conferencing and Presentation English for Young Academics,https://link.springer.com//content/pdf/10.1007%2F978-981-13-2475-8.pdf,https://link.springer.com//download/epub/10.1007%2F978-981-13-2475-8.epub
An Introduction to Zooarchaeology,https://link.springer.com//content/pdf/10.1007%2F978-3-319-65682-3.pdf,https://link.springer.com//download/epub/10.1007%2F978-3-319-65682-3.epub
Philosophical and Mathematical Logic,https://link.springer.com//content/pdf/10.1007%2F978-3-030-03255-5.pdf
Building Energy Modeling with OpenStudio A Practical Guide for Students and Professionals,https://link.springer.com//content/pdf/10.1007%2F978-3-319-77809-9.pdf,https://link.springer.com//download/epub/10.1007%2F978-3-319-77809-9.epub
Business Ethics - A Philosophical and Behavioral Approach,https://link.springer.com//content/pdf/10.1007%2F978-3-319-91575-3.pdf,https://link.springer.com//download/epub/10.1007%2F978-3-319-91575-3.epub
Criminal Justice and Mental Health An Overview for Students,https://link.springer.com//content/pdf/10.1007%2F978-3-319-76442-9.pdf,https://link.springer.com//download/epub/10.1007%2F978-3-319-76442-9.epub
Argumentation Theory: A Pragma-Dialectical Perspective,https://link.springer.com//content/pdf/10.1007%2F978-3-319-95381-6.pdf,https://link.springer.com//download/epub/10.1007%2F978-3-319-95381-6.epub
"Market Research The Process, Data, and Methods Using Stata",https://link.springer.com//content/pdf/10.1007%2F978-981-10-5218-7.pdf,https://link.springer.com//download/epub/10.1007%2F978-981-10-5218-7.epub
Applied Bioinformatics An Introduction,https://link.springer.com//content/pdf/10.1007%2F978-3-319-68301-0.pdf,https://link.springer.com//download/epub/10.1007%2F978-3-319-68301-0.epub
Research Methods for the Digital Humanities Editors and affiliations,https://link.springer.com//content/pdf/10.1007%2F978-3-319-96713-4.pdf,https://link.springer.com//download/epub/10.1007%2F978-3-319-96713-4.epub
Perspectives on Elderly Crime and Victimization Editors and affiliations,https://link.springer.com//content/pdf/10.1007%2F978-3-319-72682-3.pdf,https://link.springer.com//download/epub/10.1007%2F978-3-319-72682-3.epub
"Plant Physiology, Development and Metabolism",https://link.springer.com//content/pdf/10.1007%2F978-981-13-2023-1.pdf,https://link.springer.com//download/epub/10.1007%2F978-981-13-2023-1.epub
Motivation and Action Editors and affiliations,https://link.springer.com//content/pdf/10.1007%2F978-3-319-65094-4.pdf,https://link.springer.com//download/epub/10.1007%2F978-3-319-65094-4.epub
Neural Networks and Deep Learning A Textbook,https://link.springer.com//content/pdf/10.1007%2F978-3-319-94463-0.pdf,https://link.springer.com//download/epub/10.1007%2F978-3-319-94463-0.epub
"ENZYMES: Catalysis, Kinetics and Mechanisms",https://link.springer.com//content/pdf/10.1007%2F978-981-13-0785-0.pdf,https://link.springer.com//download/epub/10.1007%2F978-981-13-0785-0.epub
Philosophy of Race An Introduction,https://link.springer.com//content/pdf/10.1007%2F978-3-319-78729-9.pdf,https://link.springer.com//download/epub/10.1007%2F978-3-319-78729-9.epub
Philosophy of Race An Introduction,https://link.springer.com//content/pdf/10.1007%2F978-3-319-78729-9.pdf,https://link.springer.com//download/epub/10.1007%2F978-3-319-78729-9.epub
"Concepts, Methods and Practical Applications in Applied Demography An Introductory Textbook",https://link.springer.com//content/pdf/10.1007%2F978-3-319-65439-3.pdf,https://link.springer.com//download/epub/10.1007%2F978-3-319-65439-3.epub
"ENZYMES: Catalysis, Kinetics and Mechanisms",https://link.springer.com//content/pdf/10.1007%2F978-981-13-0785-0.pdf,https://link.springer.com//download/epub/10.1007%2F978-981-13-0785-0.epub
"Travel Marketing, Tourism Economics and the Airline Product An Introduction to Theory and Practice",https://link.springer.com//content/pdf/10.1007%2F978-3-319-49849-2.pdf,https://link.springer.com//download/epub/10.1007%2F978-3-319-49849-2.epub
"Fraud and Corruption Major Types, Prevention, and Control Editors and affiliations",https://link.springer.com//content/pdf/10.1007%2F978-3-319-92333-8.pdf,https://link.springer.com//download/epub/10.1007%2F978-3-319-92333-8.epub
Strategic Human Resource Management and Employment Relations An International Perspective Editors and affiliations,https://link.springer.com//content/pdf/10.1007%2F978-981-13-0399-9.pdf,https://link.springer.com//download/epub/10.1007%2F978-981-13-0399-9.epub
Introductory Computer Forensics A Hands-on Practical Approach,https://link.springer.com//content/pdf/10.1007%2F978-3-030-00581-8.pdf,https://link.springer.com//download/epub/10.1007%2F978-3-030-00581-8.epub
Analytical Corporate Finance,https://link.springer.com//content/pdf/10.1007%2F978-3-319-95762-3.pdf,https://link.springer.com//download/epub/10.1007%2F978-3-319-95762-3.epub
Astronautics The Physics of Space Flight,https://link.springer.com//content/pdf/10.1007%2F978-3-319-74373-8.pdf,https://link.springer.com//download/epub/10.1007%2F978-3-319-74373-8.epub
The A-Z of the PhD Trajectory A Practical Guide for a Successful Journey,https://link.springer.com//content/pdf/10.1007%2F978-3-319-77425-1.pdf,https://link.springer.com//download/epub/10.1007%2F978-3-319-77425-1.epub
Plant Anatomy A Concept-Based Approach to the Structure of Seed Plants,https://link.springer.com//content/pdf/10.1007%2F978-3-319-77315-5.pdf
ArcGIS for Environmental and Water Issues,https://link.springer.com//content/pdf/10.1007%2F978-3-319-61158-7.pdf,https://link.springer.com//download/epub/10.1007%2F978-3-319-61158-7.epub
Scanning Electron Microscopy and X-Ray Microanalysis,https://link.springer.com//content/pdf/10.1007%2F978-1-4939-6676-9.pdf,https://link.springer.com//download/epub/10.1007%2F978-1-4939-6676-9.epub
Logistiksysteme Betriebswirtschaftliche Grundlagen,https://link.springer.com//content/pdf/10.1007%2F978-3-662-56228-4.pdf
"Fraud and Corruption Major Types, Prevention, and Control Editors and affiliations",https://link.springer.com//content/pdf/10.1007%2F978-3-319-92333-8.pdf,https://link.springer.com//download/epub/10.1007%2F978-3-319-92333-8.epub
"Mathematical Logic On Numbers, Sets, Structures, and Symmetry",https://link.springer.com//content/pdf/10.1007%2F978-3-319-97298-5.pdf,https://link.springer.com//download/epub/10.1007%2F978-3-319-97298-5.epub
Astronautics The Physics of Space Flight,https://link.springer.com//content/pdf/10.1007%2F978-3-319-74373-8.pdf,https://link.springer.com//download/epub/10.1007%2F978-3-319-74373-8.epub
Energy and the Wealth of Nations An Introduction to Biophysical Economics,https://link.springer.com//content/pdf/10.1007%2F978-3-319-66219-0.pdf,https://link.springer.com//download/epub/10.1007%2F978-3-319-66219-0.epub
Probability and Statistics for Computer Science,https://link.springer.com//content/pdf/10.1007%2F978-3-319-64410-3.pdf,https://link.springer.com//download/epub/10.1007%2F978-3-319-64410-3.epub
Roloff/Matek Maschinenelemente Formelsammlung,https://link.springer.com//content/pdf/10.1007%2F978-3-658-19900-5.pdf
International Humanitarian Action NOHA Textbook Editors and affiliations,https://link.springer.com//content/pdf/10.1007%2F978-3-319-14454-2.pdf,https://link.springer.com//download/epub/10.1007%2F978-3-319-14454-2.epub
Logical Foundations of Cyber-Physical Systems,https://link.springer.com//content/pdf/10.1007%2F978-3-319-63588-0.pdf
Roloff/Matek Maschinenelemente Formelsammlung,https://link.springer.com//content/pdf/10.1007%2F978-3-658-19900-5.pdf
Systems Programming in Unix/Linux,https://link.springer.com//content/pdf/10.1007%2F978-3-319-92429-8.pdf,https://link.springer.com//download/epub/10.1007%2F978-3-319-92429-8.epub
Fundamentals of Java Programming,https://link.springer.com//content/pdf/10.1007%2F978-3-319-89491-1.pdf,https://link.springer.com//download/epub/10.1007%2F978-3-319-89491-1.epub
Lessons on Synthetic Bioarchitectures Interaction of Living Matter with Synthetic Structural Analogues,https://link.springer.com//content/pdf/10.1007%2F978-3-319-73123-0.pdf,https://link.springer.com//download/epub/10.1007%2F978-3-319-73123-0.epub
Life Cycle Assessment Theory and Practice Editors and affiliations,https://link.springer.com//content/pdf/10.1007%2F978-3-319-56475-3.pdf,https://link.springer.com//download/epub/10.1007%2F978-3-319-56475-3.epub
Fundamentals of Business Process Management,https://link.springer.com//content/pdf/10.1007%2F978-3-662-56509-4.pdf
Data Science and Predictive Analytics Biomedical and Health Applications using R,https://link.springer.com//content/pdf/10.1007%2F978-3-319-72347-1.pdf,https://link.springer.com//download/epub/10.1007%2F978-3-319-72347-1.epub
Motivation und Handeln Editors and affiliations,https://link.springer.com//content/pdf/10.1007%2F978-3-662-53927-9.pdf,https://link.springer.com//download/epub/10.1007%2F978-3-662-53927-9.epub
Proofs from THE BOOK,https://link.springer.com//content/pdf/10.1007%2F978-3-662-57265-8.pdf
Tutorium Analysis 1 und Lineare Algebra 1 Mathematik von Studenten für Studenten erklärt und kommentiert,https://link.springer.com//content/pdf/10.1007%2F978-3-662-56752-4.pdf,https://link.springer.com//download/epub/10.1007%2F978-3-662-56752-4.epub
Foundations of Analytical Chemistry A Teaching–Learning Approach,https://link.springer.com//content/pdf/10.1007%2F978-3-319-62872-1.pdf,https://link.springer.com//download/epub/10.1007%2F978-3-319-62872-1.epub
Knowledge Management Value Creation Through Organizational Learning,https://link.springer.com//content/pdf/10.1007%2F978-3-319-59978-6.pdf,https://link.springer.com//download/epub/10.1007%2F978-3-319-59978-6.epub
"A Beginner's Guide to Scala, Object Orientation and Functional Programming",https://link.springer.com//content/pdf/10.1007%2F978-3-319-75771-1.pdf,https://link.springer.com//download/epub/10.1007%2F978-3-319-75771-1.epub
Introduction to Programming with Fortran,https://link.springer.com//content/pdf/10.1007%2F978-3-319-75502-1.pdf,https://link.springer.com//download/epub/10.1007%2F978-3-319-75502-1.epub
Disability and Vocational Rehabilitation in Rural Settings Challenges to Service Delivery Editors and affiliations,https://link.springer.com//content/pdf/10.1007%2F978-3-319-64786-9.pdf,https://link.springer.com//download/epub/10.1007%2F978-3-319-64786-9.epub
Basiswissen Humangenetik,https://link.springer.com//content/pdf/10.1007%2F978-3-662-56147-8.pdf,https://link.springer.com//download/epub/10.1007%2F978-3-662-56147-8.epub
Beatmung Indikationen – Techniken – Krankheitsbilder,https://link.springer.com//content/pdf/10.1007%2F978-3-662-54853-0.pdf,https://link.springer.com//download/epub/10.1007%2F978-3-662-54853-0.epub
"Biochemie Eine Einführung für Mediziner und Naturwissenschaftler - Unter Mitarbeit von Ulrich Brandt, Oliver Anderka, Stefan Kerscher, Stefan Kieß und Katrin Ridinger",https://link.springer.com//content/pdf/10.1007%2F978-3-662-54851-6.pdf
Beatmung Indikationen – Techniken – Krankheitsbilder,https://link.springer.com//content/pdf/10.1007%2F978-3-662-54853-0.pdf,https://link.springer.com//download/epub/10.1007%2F978-3-662-54853-0.epub
Quantum Mechanics for Pedestrians 2 Applications and Extensions,https://link.springer.com//content/pdf/10.1007%2F978-3-030-00467-5.pdf,https://link.springer.com//download/epub/10.1007%2F978-3-030-00467-5.epub
Stochastik für Einsteiger Eine Einführung in die faszinierende Welt des Zufalls,https://link.springer.com//content/pdf/10.1007%2F978-3-658-22044-0.pdf
Basiswissen Pharmakologie,https://link.springer.com//content/pdf/10.1007%2F978-3-662-56303-8.pdf,https://link.springer.com//download/epub/10.1007%2F978-3-662-56303-8.epub
Knowledge Management Value Creation Through Organizational Learning,https://link.springer.com//content/pdf/10.1007%2F978-3-319-59978-6.pdf,https://link.springer.com//download/epub/10.1007%2F978-3-319-59978-6.epub
Maschinenbau Ein Lehrbuch für das ganze Bachelor-Studium Editors and affiliations,https://link.springer.com//content/pdf/10.1007%2F978-3-662-55882-9.pdf,https://link.springer.com//download/epub/10.1007%2F978-3-662-55882-9.epub
Quantum Mechanics for Pedestrians 1 Fundamentals,https://link.springer.com//content/pdf/10.1007%2F978-3-030-00464-4.pdf,https://link.springer.com//download/epub/10.1007%2F978-3-030-00464-4.epub
Introduction to Deep Learning From Logical Calculus to Artificial Intelligence,https://link.springer.com//content/pdf/10.1007%2F978-3-319-73004-2.pdf,https://link.springer.com//download/epub/10.1007%2F978-3-319-73004-2.epub
"Customer Relationship Management Concept, Strategy, and Tools",https://link.springer.com//content/pdf/10.1007%2F978-3-662-55381-7.pdf,https://link.springer.com//download/epub/10.1007%2F978-3-662-55381-7.epub
Introductory Quantum Mechanics A Traditional Approach Emphasizing Connections with Classical Physics,https://link.springer.com//content/pdf/10.1007%2F978-3-319-68598-4.pdf,https://link.springer.com//download/epub/10.1007%2F978-3-319-68598-4.epub
Witnessing Torture Perspectives of Torture Survivors and Human Rights Workers Editors and affiliations,https://link.springer.com//content/pdf/10.1007%2F978-3-319-74965-5.pdf,https://link.springer.com//download/epub/10.1007%2F978-3-319-74965-5.epub
Clinical Methods in Medical Family Therapy Editors and affiliations,https://link.springer.com//content/pdf/10.1007%2F978-3-319-68834-3.pdf,https://link.springer.com//download/epub/10.1007%2F978-3-319-68834-3.epub
Applied Linear Algebra,https://link.springer.com//content/pdf/10.1007%2F978-3-319-91041-3.pdf
Introduction to General Relativity A Course for Undergraduate Students of Physics,https://link.springer.com//content/pdf/10.1007%2F978-981-13-1090-4.pdf,https://link.springer.com//download/epub/10.1007%2F978-981-13-1090-4.epub
"A Pythagorean Introduction to Number Theory Right Triangles, Sums of Squares, and Arithmetic",https://link.springer.com//content/pdf/10.1007%2F978-3-030-02604-2.pdf,https://link.springer.com//download/epub/10.1007%2F978-3-030-02604-2.epub
Linear Algebra and Analytic Geometry for Physical Sciences,https://link.springer.com//content/pdf/10.1007%2F978-3-319-78361-1.pdf,https://link.springer.com//download/epub/10.1007%2F978-3-319-78361-1.epub
Physics from Symmetry,https://link.springer.com//content/pdf/10.1007%2F978-3-319-66631-0.pdf
A First Introduction to Quantum Physics,https://link.springer.com//content/pdf/10.1007%2F978-3-319-92207-2.pdf,https://link.springer.com//download/epub/10.1007%2F978-3-319-92207-2.epub
Motivation und Emotion Allgemeine Psychologie für Bachelor,https://link.springer.com//content/pdf/10.1007%2F978-3-662-56685-5.pdf,https://link.springer.com//download/epub/10.1007%2F978-3-662-56685-5.epub
Konkrete Mathematik (nicht nur) für Informatiker Mit vielen Grafiken und Algorithmen in Python,https://link.springer.com//content/pdf/10.1007%2F978-3-658-21565-1.pdf
Arbeitsbuch Höhere Mathematik in Rezepten,https://link.springer.com//content/pdf/10.1007%2F978-3-662-54811-0.pdf,https://link.springer.com//download/epub/10.1007%2F978-3-662-54811-0.epub
Electronic Commerce 2018 A Managerial and Social Networks Perspective,https://link.springer.com//content/pdf/10.1007%2F978-3-319-58715-8.pdf,https://link.springer.com//download/epub/10.1007%2F978-3-319-58715-8.epub
Motivation und Emotion Allgemeine Psychologie für Bachelor,https://link.springer.com//content/pdf/10.1007%2F978-3-662-56685-5.pdf,https://link.springer.com//download/epub/10.1007%2F978-3-662-56685-5.epub
Abstract Algebra An Introductory Course,https://link.springer.com//content/pdf/10.1007%2F978-3-319-77649-1.pdf,https://link.springer.com//download/epub/10.1007%2F978-3-319-77649-1.epub
"Analysis for Computer Scientists Foundations, Methods, and Algorithms",https://link.springer.com//content/pdf/10.1007%2F978-3-319-91155-7.pdf,https://link.springer.com//download/epub/10.1007%2F978-3-319-91155-7.epub
Business Process Management Cases Digital Innovation and Business Transformation in Practice Editors and affiliations,https://link.springer.com//content/pdf/10.1007%2F978-3-319-58307-5.pdf,https://link.springer.com//download/epub/10.1007%2F978-3-319-58307-5.epub
An Introduction to Soil Mechanics,https://link.springer.com//content/pdf/10.1007%2F978-3-319-61185-3.pdf,https://link.springer.com//download/epub/10.1007%2F978-3-319-61185-3.epub
Introduction to Formal Philosophy Editors and affiliations,https://link.springer.com//content/pdf/10.1007%2F978-3-319-77434-3.pdf,https://link.springer.com//download/epub/10.1007%2F978-3-319-77434-3.epub
"Arbeitsbuch Mathematik Aufgaben, Hinweise, Lösungen und Lösungswege",https://link.springer.com//content/pdf/10.1007%2F978-3-662-56750-0.pdf,https://link.springer.com//download/epub/10.1007%2F978-3-662-56750-0.epub
Mathematik,https://link.springer.com//content/pdf/10.1007%2F978-3-662-56741-8.pdf,https://link.springer.com//download/epub/10.1007%2F978-3-662-56741-8.epub
Introduction to Parallel Computing From Algorithms to Programming on State-of-the-Art Platforms,https://link.springer.com//content/pdf/10.1007%2F978-3-319-98833-7.pdf,https://link.springer.com//download/epub/10.1007%2F978-3-319-98833-7.epub
International Perspectives on Psychotherapy Editors and affiliations,https://link.springer.com//content/pdf/10.1007%2F978-3-319-56194-3.pdf,https://link.springer.com//download/epub/10.1007%2F978-3-319-56194-3.epub
Phylogenomics An Introduction,https://link.springer.com//content/pdf/10.1007%2F978-3-319-54064-1.pdf,https://link.springer.com//download/epub/10.1007%2F978-3-319-54064-1.epub
Learning Landscape Ecology A Practical Guide to Concepts and Techniques Editors and affiliations,https://link.springer.com//content/pdf/10.1007%2F978-1-4939-6374-4.pdf,https://link.springer.com//download/epub/10.1007%2F978-1-4939-6374-4.epub
Legal Dynamics of EU External Relations Dissecting a Layered Global Player,https://link.springer.com//content/pdf/10.1007%2F978-3-662-54817-2.pdf,https://link.springer.com//download/epub/10.1007%2F978-3-662-54817-2.epub
Modeling Life The Mathematics of Biological Systems,https://link.springer.com//content/pdf/10.1007%2F978-3-319-59731-7.pdf,https://link.springer.com//download/epub/10.1007%2F978-3-319-59731-7.epub
Reinigungsdienste und Hygiene in Krankenhäusern und Pflegeeinrichtungen Leitfaden für Hygieneverantwortliche,https://link.springer.com//content/pdf/10.1007%2F978-3-662-52723-8.pdf,https://link.springer.com//download/epub/10.1007%2F978-3-662-52723-8.epub
Strategic Retail Management Text and International Cases,https://link.springer.com//content/pdf/10.1007%2F978-3-658-10183-1.pdf,https://link.springer.com//download/epub/10.1007%2F978-3-658-10183-1.epub
Pflegewissen Pneumologie Editors and affiliations,https://link.springer.com//content/pdf/10.1007%2F978-3-662-52667-5.pdf,https://link.springer.com//download/epub/10.1007%2F978-3-662-52667-5.epub
Principles of Mobile Communication,https://link.springer.com//content/pdf/10.1007%2F978-3-319-55615-4.pdf,https://link.springer.com//download/epub/10.1007%2F978-3-319-55615-4.epub
Experimentalphysik 2 Elektrizität und Optik,https://link.springer.com//content/pdf/10.1007%2F978-3-662-55790-7.pdf,https://link.springer.com//download/epub/10.1007%2F978-3-662-55790-7.epub
Introduction to Logic Circuits & Logic Design with Verilog,https://link.springer.com//content/pdf/10.1007%2F978-3-319-53883-9.pdf,https://link.springer.com//download/epub/10.1007%2F978-3-319-53883-9.epub
Electronics for Embedded Systems,https://link.springer.com//content/pdf/10.1007%2F978-3-319-39439-8.pdf,https://link.springer.com//download/epub/10.1007%2F978-3-319-39439-8.epub
Exam Survival Guide: Physical Chemistry,https://link.springer.com//content/pdf/10.1007%2F978-3-319-49810-2.pdf,https://link.springer.com//download/epub/10.1007%2F978-3-319-49810-2.epub
Bioinformatics for Evolutionary Biologists A Problems Approach,https://link.springer.com//content/pdf/10.1007%2F978-3-319-67395-0.pdf,https://link.springer.com//download/epub/10.1007%2F978-3-319-67395-0.epub
Economics as Applied Ethics Fact and Value in Economic Policy,https://link.springer.com//content/pdf/10.1007%2F978-3-319-50319-6.pdf,https://link.springer.com//download/epub/10.1007%2F978-3-319-50319-6.epub
"Communication and Bioethics at the End of Life Real Cases, Real Dilemmas",https://link.springer.com//content/pdf/10.1007%2F978-3-319-70920-8.pdf,https://link.springer.com//download/epub/10.1007%2F978-3-319-70920-8.epub
Polymer Chemistry,https://link.springer.com//content/pdf/10.1007%2F978-3-662-49279-6.pdf,https://link.springer.com//download/epub/10.1007%2F978-3-662-49279-6.epub
Correctional Counseling and Treatment,https://link.springer.com//content/pdf/10.1007%2F978-3-319-54349-9.pdf,https://link.springer.com//download/epub/10.1007%2F978-3-319-54349-9.epub
Introduction to Logic Circuits & Logic Design with VHDL,https://link.springer.com//content/pdf/10.1007%2F978-3-319-34195-8.pdf,https://link.springer.com//download/epub/10.1007%2F978-3-319-34195-8.epub
"Communication and Bioethics at the End of Life Real Cases, Real Dilemmas",https://link.springer.com//content/pdf/10.1007%2F978-3-319-70920-8.pdf,https://link.springer.com//download/epub/10.1007%2F978-3-319-70920-8.epub
Fundamental Astronomy Editors and affiliations,https://link.springer.com//content/pdf/10.1007%2F978-3-662-53045-0.pdf,https://link.springer.com//download/epub/10.1007%2F978-3-662-53045-0.epub
Introduction to Logic Circuits & Logic Design with VHDL,https://link.springer.com//content/pdf/10.1007%2F978-3-319-34195-8.pdf,https://link.springer.com//download/epub/10.1007%2F978-3-319-34195-8.epub
Brewing Science: A Multidisciplinary Approach,https://link.springer.com//content/pdf/10.1007%2F978-3-319-46394-0.pdf,https://link.springer.com//download/epub/10.1007%2F978-3-319-46394-0.epub
Principles of Microeconomics An Integrative Approach,https://link.springer.com//content/pdf/10.1007%2F978-3-319-57589-6.pdf,https://link.springer.com//download/epub/10.1007%2F978-3-319-57589-6.epub
"Fundamentals of Biomechanics Equilibrium, Motion, and Deformation",https://link.springer.com//content/pdf/10.1007%2F978-3-319-44738-4.pdf,https://link.springer.com//download/epub/10.1007%2F978-3-319-44738-4.epub
An Introduction to Machine Learning,https://link.springer.com//content/pdf/10.1007%2F978-3-319-63913-0.pdf,https://link.springer.com//download/epub/10.1007%2F978-3-319-63913-0.epub
LaTeX in 24 Hours A Practical Guide for Scientific Writing,https://link.springer.com//content/pdf/10.1007%2F978-3-319-47831-9.pdf,https://link.springer.com//download/epub/10.1007%2F978-3-319-47831-9.epub
Cardiovascular Biomechanics Editors and affiliations,https://link.springer.com//content/pdf/10.1007%2F978-3-319-46407-7.pdf,https://link.springer.com//download/epub/10.1007%2F978-3-319-46407-7.epub
Introduction to Law Editors and affiliations,https://link.springer.com//content/pdf/10.1007%2F978-3-319-57252-9.pdf,https://link.springer.com//download/epub/10.1007%2F978-3-319-57252-9.epub
Enterprise Risk Management Models,https://link.springer.com//content/pdf/10.1007%2F978-3-662-53785-5.pdf,https://link.springer.com//download/epub/10.1007%2F978-3-662-53785-5.epub
Cosmology for the Curious,https://link.springer.com//content/pdf/10.1007%2F978-3-319-57040-2.pdf,https://link.springer.com//download/epub/10.1007%2F978-3-319-57040-2.epub
Evidence-Based Critical Care A Case Study Approach Editors and affiliations,https://link.springer.com//content/pdf/10.1007%2F978-3-319-43341-7.pdf,https://link.springer.com//download/epub/10.1007%2F978-3-319-43341-7.epub
Problems in Classical Electromagnetism 157 Exercises with Solutions,https://link.springer.com//content/pdf/10.1007%2F978-3-319-63133-2.pdf,https://link.springer.com//download/epub/10.1007%2F978-3-319-63133-2.epub
Eye Tracking Methodology Theory and Practice,https://link.springer.com//content/pdf/10.1007%2F978-3-319-57883-5.pdf,https://link.springer.com//download/epub/10.1007%2F978-3-319-57883-5.epub
Foundations of Quantum Mechanics An Exploration of the Physical Meaning of Quantum Theory,https://link.springer.com//content/pdf/10.1007%2F978-3-319-65867-4.pdf,https://link.springer.com//download/epub/10.1007%2F978-3-319-65867-4.epub
Repetitorium Internistische Intensivmedizin Editors and affiliations,https://link.springer.com//content/pdf/10.1007%2F978-3-662-53182-2.pdf,https://link.springer.com//download/epub/10.1007%2F978-3-662-53182-2.epub
Energy Economics Theory and Applications,https://link.springer.com//content/pdf/10.1007%2F978-3-662-53022-1.pdf,https://link.springer.com//download/epub/10.1007%2F978-3-662-53022-1.epub
Mechanics and Thermodynamics,https://link.springer.com//content/pdf/10.1007%2F978-3-319-27877-3.pdf,https://link.springer.com//download/epub/10.1007%2F978-3-319-27877-3.epub
Teaching Medicine and Medical Ethics Using Popular Culture Editors and affiliations,https://link.springer.com//content/pdf/10.1007%2F978-3-319-65451-5.pdf,https://link.springer.com//download/epub/10.1007%2F978-3-319-65451-5.epub
System Dynamics Modelling and Simulation,https://link.springer.com//content/pdf/10.1007%2F978-981-10-2045-2.pdf,https://link.springer.com//download/epub/10.1007%2F978-981-10-2045-2.epub
Applied Quantitative Finance Editors and affiliations,https://link.springer.com//content/pdf/10.1007%2F978-3-662-54486-0.pdf,https://link.springer.com//download/epub/10.1007%2F978-3-662-54486-0.epub
Introduction to Artificial Intelligence,https://link.springer.com//content/pdf/10.1007%2F978-3-319-58487-4.pdf,https://link.springer.com//download/epub/10.1007%2F978-3-319-58487-4.epub
Introduction to Electronic Commerce and Social Commerce,https://link.springer.com//content/pdf/10.1007%2F978-3-319-50091-1.pdf,https://link.springer.com//download/epub/10.1007%2F978-3-319-50091-1.epub
Foundations of Programming Languages,https://link.springer.com//content/pdf/10.1007%2F978-3-319-70790-7.pdf,https://link.springer.com//download/epub/10.1007%2F978-3-319-70790-7.epub
"Robotics, Vision and Control Fundamental Algorithms In MATLAB® Second, Completely Revised, Extended And Updated Edition",https://link.springer.com//content/pdf/10.1007%2F978-3-319-54413-7.pdf
Grammar for Teachers A Guide to American English for Native and Non-Native Speakers,https://link.springer.com//content/pdf/10.1007%2F978-3-319-33916-0.pdf,https://link.springer.com//download/epub/10.1007%2F978-3-319-33916-0.epub
The Data Science Design Manual,https://link.springer.com//content/pdf/10.1007%2F978-3-319-55444-0.pdf
Reactive Power Control in AC Power Systems Fundamentals and Current Issues Editors and affiliations,https://link.springer.com//content/pdf/10.1007%2F978-3-319-51118-4.pdf,https://link.springer.com//download/epub/10.1007%2F978-3-319-51118-4.epub
"Energy Harvesting and Energy Efficiency Technology, Methods, and Applications Editors and affiliations",https://link.springer.com//content/pdf/10.1007%2F978-3-319-49875-1.pdf,https://link.springer.com//download/epub/10.1007%2F978-3-319-49875-1.epub
"Höhere Mathematik in Rezepten Begriffe, Sätze und zahlreiche Beispiele in kurzen Lerneinheiten",https://link.springer.com//content/pdf/10.1007%2F978-3-662-54809-7.pdf,https://link.springer.com//download/epub/10.1007%2F978-3-662-54809-7.epub
The Sea Floor An Introduction to Marine Geology,https://link.springer.com//content/pdf/10.1007%2F978-3-319-51412-3.pdf,https://link.springer.com//download/epub/10.1007%2F978-3-319-51412-3.epub
Guide to Competitive Programming Learning and Improving Algorithms Through Contests,https://link.springer.com//content/pdf/10.1007%2F978-3-319-72547-5.pdf,https://link.springer.com//download/epub/10.1007%2F978-3-319-72547-5.epub
Allgemeine und Spezielle Pathologie Editors and affiliations,https://link.springer.com//content/pdf/10.1007%2F978-3-662-48725-9.pdf
Concise Guide to Software Engineering From Fundamentals to Application Methods,https://link.springer.com//content/pdf/10.1007%2F978-3-319-57750-0.pdf,https://link.springer.com//download/epub/10.1007%2F978-3-319-57750-0.epub
Statistics and Analysis of Scientific Data,https://link.springer.com//content/pdf/10.1007%2F978-1-4939-6572-4.pdf,https://link.springer.com//download/epub/10.1007%2F978-1-4939-6572-4.epub
Food Analysis Laboratory Manual,https://link.springer.com//content/pdf/10.1007%2F978-3-319-44127-6.pdf,https://link.springer.com//download/epub/10.1007%2F978-3-319-44127-6.epub
Breast Cancer Innovations in Research and Management Editors and affiliations,https://link.springer.com//content/pdf/10.1007%2F978-3-319-48848-6.pdf,https://link.springer.com//download/epub/10.1007%2F978-3-319-48848-6.epub
Leadership Today Practices for Personal and Professional Performance Editors and affiliations,https://link.springer.com//content/pdf/10.1007%2F978-3-319-31036-7.pdf,https://link.springer.com//download/epub/10.1007%2F978-3-319-31036-7.epub
Design and Analysis of Experiments,https://link.springer.com//content/pdf/10.1007%2F978-3-319-52250-0.pdf,https://link.springer.com//download/epub/10.1007%2F978-3-319-52250-0.epub
Food Analysis Editors and affiliations,https://link.springer.com//content/pdf/10.1007%2F978-3-319-45776-5.pdf,https://link.springer.com//download/epub/10.1007%2F978-3-319-45776-5.epub
Guide to Computer Network Security,https://link.springer.com//content/pdf/10.1007%2F978-3-319-55606-2.pdf,https://link.springer.com//download/epub/10.1007%2F978-3-319-55606-2.epub
Sustainable Supply Chains A Research-Based Textbook on Operations and Strategy Editors and affiliations,https://link.springer.com//content/pdf/10.1007%2F978-3-319-29791-0.pdf,https://link.springer.com//download/epub/10.1007%2F978-3-319-29791-0.epub
"Introduction to Data Science A Python Approach to Concepts, Techniques and Applications",https://link.springer.com//content/pdf/10.1007%2F978-3-319-50017-1.pdf,https://link.springer.com//download/epub/10.1007%2F978-3-319-50017-1.epub
Guide to Scientific Computing in C++,https://link.springer.com//content/pdf/10.1007%2F978-3-319-73132-2.pdf,https://link.springer.com//download/epub/10.1007%2F978-3-319-73132-2.epub
Computational Physics Simulation of Classical and Quantum Systems,https://link.springer.com//content/pdf/10.1007%2F978-3-319-61088-7.pdf,https://link.springer.com//download/epub/10.1007%2F978-3-319-61088-7.epub
Basics of Laser Physics For Students of Science and Engineering,https://link.springer.com//content/pdf/10.1007%2F978-3-319-50651-7.pdf,https://link.springer.com//download/epub/10.1007%2F978-3-319-50651-7.epub
Verhaltensbiologie,""
"Analysis 2 Differentialrechnung im IRn, gewöhnliche Differentialgleichungen",""
Psychology of Perception,https://link.springer.com//content/pdf/10.1007%2F978-3-319-31791-5.pdf,https://link.springer.com//download/epub/10.1007%2F978-3-319-31791-5.epub
Sustainability Science An Introduction Editors and affiliations,https://link.springer.com//content/pdf/10.1007%2F978-94-017-7242-6.pdf,https://link.springer.com//download/epub/10.1007%2F978-94-017-7242-6.epub
Multinational Management A Casebook on Asia’s Global Market Leaders Editors and affiliations,https://link.springer.com//content/pdf/10.1007%2F978-3-319-23012-2.pdf,https://link.springer.com//download/epub/10.1007%2F978-3-319-23012-2.epub
Handbook of Consumer Finance Research Editors and affiliations,https://link.springer.com//content/pdf/10.1007%2F978-3-319-28887-1.pdf,https://link.springer.com//download/epub/10.1007%2F978-3-319-28887-1.epub
Recommender Systems The Textbook,https://link.springer.com//content/pdf/10.1007%2F978-3-319-29659-3.pdf,https://link.springer.com//download/epub/10.1007%2F978-3-319-29659-3.epub
Introduction to Plasma Physics and Controlled Fusion,https://link.springer.com//content/pdf/10.1007%2F978-3-319-22309-4.pdf,https://link.springer.com//download/epub/10.1007%2F978-3-319-22309-4.epub
Neurologie Editors and affiliations,https://link.springer.com//content/pdf/10.1007%2F978-3-662-46892-0.pdf,https://link.springer.com//download/epub/10.1007%2F978-3-662-46892-0.epub
Writing for Publication Transitions and Tools that Support Scholars’ Success,https://link.springer.com//content/pdf/10.1007%2F978-3-319-31650-5.pdf,https://link.springer.com//download/epub/10.1007%2F978-3-319-31650-5.epub
Language Across the Curriculum & CLIL in English as an Additional Language (EAL) Contexts Theory and Practice,https://link.springer.com//content/pdf/10.1007%2F978-981-10-1802-2.pdf,https://link.springer.com//download/epub/10.1007%2F978-981-10-1802-2.epub
"Physical Chemistry from a Different Angle Introducing Chemical Equilibrium, Kinetics and Electrochemistry by Numerous Experiments",https://link.springer.com//content/pdf/10.1007%2F978-3-319-15666-8.pdf,https://link.springer.com//download/epub/10.1007%2F978-3-319-15666-8.epub
"Applied Behavior Analysis Fifty Case Studies in Home, School, and Community Settings",https://link.springer.com//content/pdf/10.1007%2F978-3-319-44794-0.pdf,https://link.springer.com//download/epub/10.1007%2F978-3-319-44794-0.epub
Digital Image Processing An Algorithmic Introduction Using Java,https://link.springer.com//content/pdf/10.1007%2F978-1-4471-6684-9.pdf
"Physical Chemistry from a Different Angle Introducing Chemical Equilibrium, Kinetics and Electrochemistry by Numerous Experiments",https://link.springer.com//content/pdf/10.1007%2F978-3-319-15666-8.pdf,https://link.springer.com//download/epub/10.1007%2F978-3-319-15666-8.epub
"Applied Behavior Analysis Fifty Case Studies in Home, School, and Community Settings",https://link.springer.com//content/pdf/10.1007%2F978-3-319-44794-0.pdf,https://link.springer.com//download/epub/10.1007%2F978-3-319-44794-0.epub
Basic Concepts in Computational Physics,https://link.springer.com//content/pdf/10.1007%2F978-3-319-27265-8.pdf,https://link.springer.com//download/epub/10.1007%2F978-3-319-27265-8.epub
Fundamentals of Structural Engineering,https://link.springer.com//content/pdf/10.1007%2F978-3-319-24331-3.pdf,https://link.springer.com//download/epub/10.1007%2F978-3-319-24331-3.epub
Irrigation and Drainage Engineering,https://link.springer.com//content/pdf/10.1007%2F978-3-319-05699-9.pdf,https://link.springer.com//download/epub/10.1007%2F978-3-319-05699-9.epub
Time Series Econometrics,https://link.springer.com//content/pdf/10.1007%2F978-3-319-32862-1.pdf,https://link.springer.com//download/epub/10.1007%2F978-3-319-32862-1.epub
Principles of Data Mining,https://link.springer.com//content/pdf/10.1007%2F978-1-4471-7307-6.pdf,https://link.springer.com//download/epub/10.1007%2F978-1-4471-7307-6.epub
Soziologie von Gesundheit und Krankheit Editors and affiliations,https://link.springer.com//content/pdf/10.1007%2F978-3-658-11010-9.pdf
The Nature of Scientific Knowledge An Explanatory Approach,https://link.springer.com//content/pdf/10.1007%2F978-3-319-33405-9.pdf,https://link.springer.com//download/epub/10.1007%2F978-3-319-33405-9.epub
A Primer on Scientific Programming with Python,https://link.springer.com//content/pdf/10.1007%2F978-3-662-49887-3.pdf,https://link.springer.com//download/epub/10.1007%2F978-3-662-49887-3.epub
Social Media Management Technologies and Strategies for Creating Business Value,https://link.springer.com//content/pdf/10.1007%2F978-3-319-21990-5.pdf,https://link.springer.com//download/epub/10.1007%2F978-3-319-21990-5.epub
"Handbook of LGBT Elders An Interdisciplinary Approach to Principles, Practices, and Policies Editors and affiliations",https://link.springer.com//content/pdf/10.1007%2F978-3-319-03623-6.pdf,https://link.springer.com//download/epub/10.1007%2F978-3-319-03623-6.epub
Statistical Learning from a Regression Perspective,https://link.springer.com//content/pdf/10.1007%2F978-3-319-44048-4.pdf,https://link.springer.com//download/epub/10.1007%2F978-3-319-44048-4.epub
Physik für Ingenieure,https://link.springer.com//content/pdf/10.1007%2F978-3-662-49355-7.pdf,https://link.springer.com//download/epub/10.1007%2F978-3-662-49355-7.epub
"Brownian Motion, Martingales, and Stochastic Calculus",https://link.springer.com//content/pdf/10.1007%2F978-3-319-31089-3.pdf,https://link.springer.com//download/epub/10.1007%2F978-3-319-31089-3.epub
Introduction to Time Series and Forecasting,https://link.springer.com//content/pdf/10.1007%2F978-3-319-29854-2.pdf,https://link.springer.com//download/epub/10.1007%2F978-3-319-29854-2.epub
Linear and Nonlinear Programming,https://link.springer.com//content/pdf/10.1007%2F978-3-319-18842-3.pdf,https://link.springer.com//download/epub/10.1007%2F978-3-319-18842-3.epub
"Introduction to Statistics and Data Analysis With Exercises, Solutions and Applications in R",https://link.springer.com//content/pdf/10.1007%2F978-3-319-46162-5.pdf,https://link.springer.com//download/epub/10.1007%2F978-3-319-46162-5.epub
Cryptography Made Simple,https://link.springer.com//content/pdf/10.1007%2F978-3-319-21936-3.pdf
